timestamp,source_address,source_port,destination_address,destination_port,asset,user
2025-05-08 9:12,192.168.2.218,61195,151.101.1.69,443,Laptop-03,eve
2025-05-08 13:57,192.168.2.245,55974,99.84.181.104,443,Server-01,charlie
2025-05-08 10:13,192.168.1.92,45763,8.218.120.126,443,Workstation-01,charlie
2025-05-08 11:37,192.168.1.195,28887,185.199.108.153,443,Workstation-02,eve
2025-05-08 9:00,192.168.1.211,40622,209.74.71.198,443,Workstation-01,charlie
2025-05-08 9:23,192.168.5.27,43064,142.250.72.206,443,Server-01,bob
2025-05-08 9:14,192.168.1.89,48028,99.84.181.104,443,Laptop-03,alice
2025-05-08 9:22,192.168.1.89,5117,8.218.120.126,443,Laptop-03,charlie
2025-05-08 10:17,192.168.1.8,12204,172.217.3.110,443,Server-02,david
2025-05-08 9:00,192.168.4.82,17664,13.107.246.40,443,Server-01,bob
2025-05-08 9:13,192.168.4.162,43790,99.84.181.104,443,Workstation-01,david
2025-05-08 9:00,192.168.2.218,61585,185.199.108.153,443,Laptop-03,bob
2025-05-08 10:02,192.168.2.203,61306,13.107.246.40,443,Server-02,bob
2025-05-08 9:15,192.168.1.199,51549,1.13.156.116,443,Workstation-02,bob
2025-05-08 11:25,192.168.1.92,9215,104.244.42.1,443,Laptop-03,alice
2025-05-08 10:29,192.168.2.245,22613,151.101.1.69,443,Laptop-03,charlie
2025-05-08 9:01,192.168.2.252,48618,142.250.72.206,443,Workstation-02,charlie
2025-05-08 9:02,192.168.1.193,20925,209.74.71.198,443,Laptop-03,alice
2025-05-08 12:45,192.168.3.230,58747,99.84.181.104,443,Workstation-02,eve
2025-05-08 9:04,192.168.5.146,17178,104.244.42.1,443,Laptop-03,david
2025-05-08 10:32,192.168.1.199,38614,185.199.108.153,443,Workstation-02,alice
2025-05-08 9:10,192.168.4.97,39148,209.74.71.198,443,Workstation-02,bob
2025-05-08 12:34,192.168.1.195,20709,13.107.246.40,443,Laptop-03,eve
2025-05-08 9:27,192.168.4.162,4034,104.244.42.1,443,Laptop-03,charlie
2025-05-08 14:14,192.168.1.199,51426,151.101.1.69,443,Laptop-03,bob
2025-05-08 9:14,192.168.1.184,56983,172.217.3.110,443,Server-01,charlie
2025-05-08 10:28,192.168.5.159,59373,142.250.72.206,443,Server-02,charlie
2025-05-08 9:33,192.168.2.203,65174,104.244.42.1,443,Workstation-01,bob
2025-05-08 9:02,192.168.5.146,61454,172.217.3.110,443,Laptop-03,alice
2025-05-08 9:28,192.168.5.146,5526,13.107.246.40,443,Server-01,david
2025-05-08 11:48,192.168.3.169,37201,13.107.246.40,443,Workstation-01,eve
2025-05-08 9:36,192.168.1.92,8597,13.107.246.40,443,Workstation-02,david
2025-05-08 10:12,192.168.3.169,38920,172.217.3.110,443,Server-01,alice
2025-05-08 9:30,192.168.4.187,25345,172.217.3.110,443,Workstation-01,david
2025-05-08 13:06,192.168.1.199,43040,172.217.3.110,443,Workstation-01,david
2025-05-08 9:23,192.168.1.89,57735,1.13.156.116,443,Workstation-02,david
2025-05-08 9:10,192.168.3.169,26683,209.74.71.198,443,Server-01,alice
2025-05-08 9:32,192.168.5.135,15665,209.74.71.198,443,Server-02,bob
2025-05-08 9:21,192.168.5.247,49841,172.217.3.110,443,Server-01,bob
2025-05-08 9:05,192.168.1.92,54163,1.13.156.116,443,Workstation-01,charlie
2025-05-08 9:08,192.168.5.27,50334,142.250.72.206,443,Server-02,charlie
2025-05-08 9:22,192.168.5.247,60702,151.101.1.69,443,Server-02,charlie
2025-05-08 9:04,192.168.5.135,31797,151.101.1.69,443,Server-01,charlie
2025-05-08 12:01,192.168.1.195,19771,1.13.156.116,443,Laptop-03,bob
2025-05-08 9:02,192.168.3.100,14882,13.107.246.40,443,Server-01,bob
2025-05-08 9:27,192.168.3.230,9182,172.217.3.110,443,Server-02,bob
2025-05-08 9:06,192.168.5.229,15633,209.74.71.198,443,Server-02,alice
2025-05-08 9:14,192.168.1.193,23320,209.74.71.198,443,Server-02,eve
2025-05-08 10:30,192.168.1.195,48972,99.84.181.104,443,Server-01,charlie
2025-05-08 9:25,192.168.1.89,42458,104.244.42.1,443,Laptop-03,alice
2025-05-08 9:36,192.168.3.164,33899,209.74.71.198,443,Laptop-03,bob
2025-05-08 11:33,192.168.4.187,64754,99.84.181.104,443,Workstation-01,eve
2025-05-08 9:08,192.168.2.203,6501,8.218.120.126,443,Workstation-02,charlie
2025-05-08 9:27,192.168.5.146,16357,1.92.100.58,443,Workstation-02,bob
2025-05-08 12:01,192.168.1.199,60492,151.101.1.69,443,Workstation-01,bob
2025-05-08 9:01,192.168.3.181,7918,185.199.108.153,443,Server-01,charlie
2025-05-08 9:15,192.168.3.181,57307,209.74.71.198,443,Server-01,charlie
2025-05-08 9:35,192.168.3.230,46435,23.32.57.169,443,Workstation-01,eve
2025-05-08 9:16,192.168.2.252,1177,172.217.3.110,443,Server-02,eve
2025-05-08 12:42,192.168.2.245,17736,142.250.72.206,443,Server-01,david
2025-05-08 9:27,192.168.1.211,31821,172.217.3.110,443,Workstation-01,charlie
2025-05-08 10:27,192.168.2.218,18021,8.218.120.126,443,Workstation-01,bob
2025-05-08 9:34,192.168.3.169,21141,13.107.246.40,443,Laptop-03,alice
2025-05-08 9:35,192.168.3.171,32821,8.218.120.126,443,Server-01,alice
2025-05-08 9:42,192.168.3.169,60973,13.107.246.40,443,Server-01,alice
2025-05-08 9:24,192.168.1.89,3767,104.244.42.1,443,Workstation-01,david
2025-05-08 9:04,192.168.4.82,2235,104.244.42.1,443,Server-01,david
2025-05-08 9:00,192.168.2.245,49117,185.199.108.153,443,Laptop-03,alice
2025-05-08 9:17,192.168.4.162,26446,23.32.57.169,443,Server-02,david
2025-05-08 9:07,192.168.3.100,59065,13.107.246.40,443,Laptop-03,eve
2025-05-08 9:15,192.168.2.252,1935,23.32.57.169,443,Laptop-03,david
2025-05-08 9:27,192.168.2.252,23855,13.107.246.40,443,Server-02,bob
2025-05-08 11:16,192.168.3.169,9144,104.244.42.1,443,Server-02,charlie
2025-05-08 9:07,192.168.4.162,42756,8.218.120.126,443,Server-01,eve
2025-05-08 9:01,192.168.1.89,58581,209.74.71.198,443,Laptop-03,david
2025-05-08 9:17,192.168.1.193,48180,185.199.108.153,443,Workstation-02,alice
2025-05-08 10:26,192.168.1.184,58969,172.217.3.110,443,Server-02,charlie
2025-05-08 9:25,192.168.4.97,27749,104.244.42.1,443,Server-01,alice
2025-05-08 11:51,192.168.1.199,56042,8.218.120.126,443,Server-02,alice
2025-05-08 12:07,192.168.5.183,34456,172.217.3.110,443,Workstation-02,charlie
2025-05-08 9:14,192.168.5.135,33190,151.101.1.69,443,Workstation-01,eve
2025-05-08 10:14,192.168.2.203,29259,142.250.72.206,443,Laptop-03,charlie
2025-05-08 9:27,192.168.5.27,33868,1.13.156.116,443,Workstation-01,bob
2025-05-08 12:07,192.168.4.187,63876,23.32.57.169,443,Laptop-03,bob
2025-05-08 9:23,192.168.5.159,33538,142.250.72.206,443,Server-01,eve
2025-05-08 10:58,192.168.5.183,52154,151.101.1.69,443,Laptop-03,david
2025-05-08 12:00,192.168.4.187,53536,172.217.3.110,443,Workstation-01,charlie
2025-05-08 10:00,192.168.3.171,27018,23.32.57.169,443,Server-02,david
2025-05-08 9:34,192.168.1.89,62899,185.199.108.153,443,Server-02,bob
2025-05-08 9:29,192.168.5.6,11791,172.217.3.110,443,Laptop-03,alice
2025-05-08 10:27,192.168.2.245,4600,172.217.3.110,443,Server-01,charlie
2025-05-08 9:17,192.168.4.82,47845,99.84.181.104,443,Workstation-02,charlie
2025-05-08 11:19,192.168.3.230,6386,142.250.72.206,443,Workstation-01,alice
2025-05-08 10:25,192.168.1.199,12314,104.244.42.1,443,Server-01,david
2025-05-08 9:31,192.168.3.230,57685,151.101.1.69,443,Server-01,eve
2025-05-08 9:05,192.168.4.82,34487,8.218.120.126,443,Workstation-02,charlie
2025-05-08 9:02,192.168.3.164,62736,142.250.72.206,443,Workstation-01,alice
2025-05-08 9:19,192.168.1.211,62285,99.84.181.104,443,Workstation-02,eve
2025-05-08 9:26,192.168.3.171,31631,23.32.57.169,443,Server-02,charlie
2025-05-08 9:37,192.168.2.252,59826,99.84.181.104,443,Laptop-03,bob
2025-05-08 10:38,192.168.1.184,1209,1.13.156.116,443,Server-01,bob
2025-05-08 9:08,192.168.1.211,21174,8.218.120.126,443,Workstation-02,alice
2025-05-08 9:02,192.168.4.82,58458,172.217.3.110,443,Server-01,david
2025-05-08 9:19,192.168.1.8,31345,151.101.1.69,443,Workstation-02,alice
2025-05-08 9:16,192.168.3.164,33330,1.13.156.116,443,Server-02,charlie
2025-05-08 9:06,192.168.3.171,24780,185.199.108.153,443,Laptop-03,bob
2025-05-08 9:22,192.168.1.184,52691,142.250.72.206,443,Server-02,eve
2025-05-08 9:14,192.168.3.100,50868,185.199.108.153,443,Server-01,alice
2025-05-08 9:16,192.168.4.82,12206,8.218.120.126,443,Server-02,alice
2025-05-08 9:50,192.168.1.195,51667,99.84.181.104,443,Server-02,bob
2025-05-08 9:27,192.168.3.164,9430,172.217.3.110,443,Laptop-03,alice
2025-05-08 9:01,192.168.1.193,11996,99.84.181.104,443,Workstation-01,alice
2025-05-08 9:29,192.168.3.164,34288,13.107.246.40,443,Workstation-02,alice
2025-05-08 10:03,192.168.5.6,7036,142.250.72.206,443,Workstation-01,eve
2025-05-08 9:26,192.168.5.27,46556,185.199.108.153,443,Workstation-02,charlie
2025-05-08 9:40,192.168.4.187,4918,185.199.108.153,443,Laptop-03,bob
2025-05-08 9:00,192.168.2.252,29312,209.74.71.198,443,Workstation-01,eve
2025-05-08 9:03,192.168.5.247,10785,99.84.181.104,443,Laptop-03,david
2025-05-08 9:34,192.168.3.164,59846,151.101.1.69,443,Laptop-03,david
2025-05-08 11:07,192.168.5.183,14489,185.199.108.153,443,Workstation-02,charlie
2025-05-08 9:27,192.168.2.203,43780,1.13.156.116,443,Server-01,david
2025-05-08 11:55,192.168.1.92,62444,104.244.42.1,443,Server-02,david
2025-05-08 9:05,192.168.3.164,28034,142.250.72.206,443,Server-02,bob
2025-05-08 9:08,192.168.4.162,1712,13.107.246.40,443,Workstation-02,eve
2025-05-08 9:00,192.168.2.203,21067,104.244.42.1,443,Laptop-03,alice
2025-05-08 10:07,192.168.4.187,46100,13.107.246.40,443,Workstation-02,david
2025-05-08 9:23,192.168.5.247,28181,142.250.72.206,443,Workstation-02,bob
2025-05-08 9:05,192.168.1.89,39715,13.107.246.40,443,Laptop-03,eve
2025-05-08 9:09,192.168.4.97,46924,142.250.72.206,443,Laptop-03,david
2025-05-08 9:22,192.168.4.97,59876,13.107.246.40,443,Server-01,charlie
2025-05-08 10:57,192.168.1.8,40179,185.199.108.153,443,Workstation-01,alice
2025-05-08 9:31,192.168.2.252,47102,104.244.42.1,443,Server-01,charlie
2025-05-08 9:23,192.168.4.162,58121,185.199.108.153,443,Workstation-02,charlie
2025-05-08 9:22,192.168.5.146,62963,185.199.108.153,443,Server-02,bob
2025-05-08 9:29,192.168.5.27,41853,172.217.3.110,443,Laptop-03,charlie
2025-05-08 9:24,192.168.5.135,59665,142.250.72.206,443,Server-01,david
2025-05-08 11:42,192.168.1.8,42316,8.218.120.126,443,Server-02,david
2025-05-08 9:54,192.168.3.169,29765,1.13.156.116,443,Workstation-01,charlie
2025-05-08 9:23,192.168.2.252,63604,209.74.71.198,443,Laptop-03,eve
2025-05-08 9:12,192.168.3.164,51658,172.217.3.110,443,Workstation-01,charlie
2025-05-08 9:28,192.168.5.27,55835,1.13.156.116,443,Workstation-01,charlie
2025-05-08 9:07,192.168.4.97,23818,142.250.72.206,443,Workstation-01,eve
2025-05-08 10:14,192.168.2.245,56751,151.101.1.69,443,Server-01,alice
2025-05-08 9:26,192.168.4.97,24306,209.74.71.198,443,Laptop-03,alice
2025-05-08 11:04,192.168.1.199,43825,23.32.57.169,443,Workstation-01,alice
2025-05-08 9:28,192.168.1.211,33500,13.107.246.40,443,Server-02,eve
2025-05-08 9:06,192.168.4.187,40388,13.107.246.40,443,Server-02,eve
2025-05-08 11:10,192.168.1.195,38242,23.32.57.169,443,Laptop-03,david
2025-05-08 9:25,192.168.1.211,50094,104.244.42.1,443,Server-02,charlie
2025-05-08 9:06,192.168.1.193,17842,23.32.57.169,443,Workstation-02,charlie
2025-05-08 9:00,192.168.1.92,63420,13.107.246.40,443,Laptop-03,bob
2025-05-08 11:05,192.168.1.195,35063,104.244.42.1,443,Laptop-03,bob
2025-05-08 9:16,192.168.3.230,28151,23.32.57.169,443,Workstation-01,alice
2025-05-08 9:56,192.168.2.245,49028,151.101.1.69,443,Workstation-02,alice
2025-05-08 9:14,192.168.5.229,56729,8.218.120.126,443,Server-01,bob
2025-05-08 9:35,192.168.2.252,11673,1.13.156.116,443,Laptop-03,david
2025-05-08 9:28,192.168.4.162,35633,104.244.42.1,443,Workstation-01,alice
2025-05-08 13:19,192.168.4.187,45222,172.217.3.110,443,Workstation-01,charlie
2025-05-08 9:54,192.168.5.159,41078,209.74.71.198,443,Server-02,charlie
2025-05-08 9:02,192.168.1.211,45500,185.199.108.153,443,Server-01,david
2025-05-08 9:22,192.168.4.97,4543,99.84.181.104,443,Server-02,charlie
2025-05-08 9:04,192.168.5.229,16477,23.32.57.169,443,Workstation-02,charlie
2025-05-08 9:36,192.168.1.89,48262,8.218.120.126,443,Server-02,charlie
2025-05-08 9:21,192.168.1.211,2165,23.32.57.169,443,Server-01,bob
2025-05-08 9:40,192.168.5.6,59225,13.107.246.40,443,Laptop-03,eve
2025-05-08 9:47,192.168.3.171,23735,104.244.42.1,443,Workstation-02,david
2025-05-08 10:52,192.168.2.203,40178,151.101.1.69,443,Workstation-02,eve
2025-05-08 12:31,192.168.3.230,45399,209.74.71.198,443,Workstation-02,david
2025-05-08 9:11,192.168.3.181,41813,172.217.3.110,443,Workstation-01,alice
2025-05-08 9:12,192.168.5.146,50790,8.218.120.126,443,Workstation-02,david
2025-05-08 10:29,192.168.2.203,22970,99.84.181.104,443,Workstation-01,alice
2025-05-08 9:08,192.168.2.252,5863,172.217.3.110,443,Workstation-02,alice
2025-05-08 12:31,192.168.2.245,28686,23.32.57.169,443,Server-01,eve
2025-05-08 9:11,192.168.1.193,24015,151.101.1.69,443,Workstation-02,eve
2025-05-08 9:07,192.168.5.135,55698,1.13.156.116,443,Laptop-03,eve
2025-05-08 9:14,192.168.5.27,40142,13.107.246.40,443,Server-01,eve
2025-05-08 9:20,192.168.1.8,17394,151.101.1.69,443,Laptop-03,eve
2025-05-08 9:03,192.168.3.181,6630,209.74.71.198,443,Server-02,david
2025-05-08 9:51,192.168.1.184,9012,172.217.3.110,443,Laptop-03,eve
2025-05-08 12:24,192.168.4.187,27508,104.244.42.1,443,Workstation-02,alice
2025-05-08 9:25,192.168.2.252,45697,151.101.1.69,443,Server-01,david
2025-05-08 12:30,192.168.1.92,17675,142.250.72.206,443,Workstation-02,bob
2025-05-08 9:02,192.168.3.181,44650,8.218.120.126,443,Server-02,bob
2025-05-08 12:42,192.168.1.195,36073,13.107.246.40,443,Server-02,eve
2025-05-08 10:01,192.168.1.184,26928,151.101.1.69,443,Workstation-01,eve
2025-05-08 9:19,192.168.3.164,29303,99.84.181.104,443,Laptop-03,alice
2025-05-08 9:12,192.168.5.27,57715,209.74.71.198,443,Server-01,david
2025-05-08 10:14,192.168.4.187,1323,172.217.3.110,443,Workstation-01,david
2025-05-08 11:39,192.168.1.184,50753,99.84.181.104,443,Laptop-03,david
2025-05-08 9:53,192.168.5.183,15330,23.32.57.169,443,Workstation-02,charlie
2025-05-08 9:10,192.168.3.164,34466,185.199.108.153,443,Server-02,david
2025-05-08 10:18,192.168.3.230,42169,172.217.3.110,443,Server-02,eve
2025-05-08 9:05,192.168.5.229,52965,13.107.246.40,443,Laptop-03,david
2025-05-08 10:23,192.168.1.92,36594,23.32.57.169,443,Workstation-01,alice
2025-05-08 9:16,192.168.1.89,62955,185.199.108.153,443,Workstation-01,bob
2025-05-08 9:18,192.168.3.164,18705,142.250.72.206,443,Workstation-02,charlie
2025-05-08 9:20,192.168.5.135,41145,172.217.3.110,443,Server-02,charlie
2025-05-08 9:31,192.168.1.195,56167,99.84.181.104,443,Workstation-01,david
2025-05-08 9:19,192.168.2.252,58361,13.107.246.40,443,Laptop-03,eve
2025-05-08 9:03,192.168.4.97,36134,151.101.1.69,443,Server-01,eve
2025-05-08 9:03,192.168.1.89,64493,8.218.120.126,443,Workstation-02,charlie
2025-05-08 9:09,192.168.4.162,33009,209.74.71.198,443,Server-02,alice
2025-05-08 9:37,192.168.1.184,61393,142.250.72.206,443,Server-01,alice
2025-05-08 9:10,192.168.1.89,50235,185.199.108.153,443,Workstation-02,alice
2025-05-08 11:18,192.168.2.245,50007,8.218.120.126,443,Workstation-01,charlie
2025-05-08 10:51,192.168.2.218,51813,13.107.246.40,443,Workstation-02,eve
2025-05-08 10:26,192.168.1.195,14199,209.74.71.198,443,Server-01,eve
2025-05-08 10:22,192.168.3.230,11734,185.199.108.153,443,Server-02,alice
2025-05-08 9:05,192.168.2.252,30805,209.74.71.198,443,Workstation-01,alice
2025-05-08 9:09,192.168.5.135,40261,1.13.156.116,443,Server-02,eve
2025-05-08 11:13,192.168.4.187,42139,99.84.181.104,443,Server-01,bob
2025-05-08 10:29,192.168.5.159,49935,13.107.246.40,443,Workstation-01,david
2025-05-08 9:17,192.168.5.27,59656,13.107.246.40,443,Workstation-02,eve
2025-05-08 9:41,192.168.3.171,32422,185.199.108.153,443,Workstation-02,david
2025-05-08 9:20,192.168.4.162,16674,1.13.156.116,443,Laptop-03,alice
2025-05-08 9:21,192.168.3.164,47374,99.84.181.104,443,Server-01,eve
2025-05-08 11:46,192.168.4.187,30992,99.84.181.104,443,Workstation-02,bob
2025-05-08 10:30,192.168.1.8,52810,13.107.246.40,443,Workstation-01,alice
2025-05-08 10:48,192.168.5.183,4130,1.13.156.116,443,Server-02,alice
2025-05-08 9:38,192.168.1.195,29656,8.218.120.126,443,Workstation-02,david
2025-05-08 9:22,192.168.5.27,56027,8.218.120.126,443,Server-02,charlie
2025-05-08 9:03,192.168.1.193,10032,142.250.72.206,443,Workstation-02,eve
2025-05-08 9:23,192.168.1.193,45702,8.218.120.126,443,Server-02,charlie
2025-05-08 12:12,192.168.5.183,27101,172.217.3.110,443,Laptop-03,bob
2025-05-08 11:13,192.168.1.92,4029,13.107.246.40,443,Server-01,alice
2025-05-08 11:52,192.168.1.92,55155,142.250.72.206,443,Server-02,bob
2025-05-08 9:19,192.168.2.252,7706,151.101.1.69,443,Server-01,alice
2025-05-08 9:00,192.168.3.181,42915,13.107.246.40,443,Server-01,eve
2025-05-08 9:02,192.168.4.97,13934,104.244.42.1,443,Workstation-01,charlie
2025-05-08 9:29,192.168.5.135,36021,13.107.246.40,443,Workstation-02,eve
2025-05-08 9:00,192.168.5.159,1804,1.13.156.116,443,Server-01,bob
2025-05-08 11:54,192.168.5.183,55968,104.244.42.1,443,Server-01,alice
2025-05-08 10:52,192.168.5.159,41403,13.107.246.40,443,Workstation-02,charlie
2025-05-08 9:18,192.168.4.97,64364,8.218.120.126,443,Server-02,eve
2025-05-08 13:11,192.168.3.230,37912,151.101.1.69,443,Workstation-01,bob
2025-05-08 9:02,192.168.5.229,31223,104.244.42.1,443,Server-01,alice
2025-05-08 11:42,192.168.1.92,23758,104.244.42.1,443,Server-02,eve
2025-05-08 9:08,192.168.5.146,3958,99.84.181.104,443,Server-01,david
2025-05-08 9:52,192.168.1.8,40648,1.13.156.116,443,Laptop-03,charlie
2025-05-08 9:56,192.168.2.218,3680,172.217.3.110,443,Workstation-01,charlie
2025-05-08 9:03,192.168.3.100,46837,1.13.156.116,443,Workstation-01,alice
2025-05-08 9:14,192.168.2.252,47856,172.217.3.110,443,Server-02,eve
2025-05-08 10:50,192.168.1.195,61016,99.84.181.104,443,Server-02,eve
2025-05-08 10:58,192.168.2.203,26053,13.107.246.40,443,Workstation-01,bob
2025-05-08 9:00,192.168.4.97,11870,23.32.57.169,443,Laptop-03,david
2025-05-08 9:17,192.168.5.247,28111,99.84.181.104,443,Laptop-03,david
2025-05-08 11:21,192.168.2.218,39858,172.217.3.110,443,Workstation-02,alice
2025-05-08 10:11,192.168.1.199,9510,151.101.1.69,443,Workstation-01,bob
2025-05-08 9:05,192.168.4.97,1832,185.199.108.153,443,Workstation-01,charlie
2025-05-08 9:01,192.168.5.159,39251,13.107.246.40,443,Server-01,charlie
2025-05-08 9:18,192.168.5.135,18734,104.244.42.1,443,Server-01,eve
2025-05-08 9:13,192.168.1.89,55407,172.217.3.110,443,Workstation-01,eve
2025-05-08 13:14,192.168.2.245,6092,1.13.156.116,443,Server-02,bob
2025-05-08 9:14,192.168.4.162,6248,13.107.246.40,443,Workstation-01,eve
2025-05-08 9:01,192.168.3.100,4301,1.13.156.116,443,Workstation-02,charlie
2025-05-08 12:47,192.168.1.199,41968,172.217.3.110,443,Server-01,alice
2025-05-08 9:11,192.168.4.162,29347,99.84.181.104,443,Server-02,charlie
2025-05-08 9:11,192.168.2.252,17331,185.199.108.153,443,Workstation-02,alice
2025-05-08 12:57,192.168.1.195,4564,185.199.108.153,443,Workstation-01,alice
2025-05-08 9:27,192.168.3.164,26276,209.74.71.198,443,Laptop-03,alice
2025-05-08 9:23,192.168.1.92,38043,185.199.108.153,443,Server-02,david
2025-05-08 9:23,192.168.5.135,14773,209.74.71.198,443,Server-01,alice
2025-05-08 9:05,192.168.1.193,36765,142.250.72.206,443,Laptop-03,eve
2025-05-08 9:12,192.168.1.193,37829,209.74.71.198,443,Server-02,bob
2025-05-08 9:10,192.168.5.229,40672,209.74.71.198,443,Laptop-03,eve
2025-05-08 13:38,192.168.2.245,21290,209.74.71.198,443,Laptop-03,bob
2025-05-08 9:19,192.168.1.89,25437,185.199.108.153,443,Workstation-02,bob
2025-05-08 12:55,192.168.2.245,50364,1.13.156.116,443,Workstation-02,david
2025-05-08 9:11,192.168.5.229,62405,172.217.3.110,443,Server-01,charlie
2025-05-08 9:52,192.168.1.199,40956,104.244.42.1,443,Workstation-01,charlie
2025-05-08 9:06,192.168.3.164,13954,172.217.3.110,443,Workstation-01,bob
2025-05-08 9:11,192.168.3.164,43731,8.218.120.126,443,Server-02,alice
2025-05-08 9:01,192.168.5.229,22668,142.250.72.206,443,Workstation-02,bob
2025-05-08 9:24,192.168.1.89,19865,151.101.1.69,443,Workstation-02,charlie
2025-05-08 12:42,192.168.1.199,24265,142.250.72.206,443,Server-01,eve
2025-05-08 9:00,192.168.3.181,43200,99.84.181.104,443,Workstation-02,eve
2025-05-08 11:27,192.168.3.230,26822,209.74.71.198,443,Server-01,bob
2025-05-08 9:44,192.168.1.92,49131,209.74.71.198,443,Workstation-02,eve
2025-05-08 9:09,192.168.5.146,64447,209.74.71.198,443,Workstation-02,alice
2025-05-08 10:10,192.168.5.183,54034,172.217.3.110,443,Laptop-03,eve
2025-05-08 12:57,192.168.3.230,47755,172.217.3.110,443,Server-01,charlie
2025-05-08 10:21,192.168.1.8,34514,142.250.72.206,443,Laptop-03,charlie
2025-05-08 9:02,192.168.1.184,64035,8.218.120.126,443,Workstation-01,david
2025-05-08 9:59,192.168.5.183,33741,142.250.72.206,443,Laptop-03,charlie
2025-05-08 10:12,192.168.1.195,14832,185.199.108.153,443,Server-01,alice
2025-05-08 9:21,192.168.5.135,40410,1.13.156.116,443,Workstation-01,eve
2025-05-08 9:11,192.168.1.193,11930,1.13.156.116,443,Server-01,charlie
2025-05-08 9:06,192.168.5.135,14225,99.84.181.104,443,Server-01,charlie
2025-05-08 9:08,192.168.3.181,11753,1.13.156.116,443,Workstation-01,alice
2025-05-08 9:07,192.168.2.252,23170,172.217.3.110,443,Laptop-03,alice
2025-05-08 9:19,192.168.5.135,14479,185.199.108.153,443,Laptop-03,eve
2025-05-08 12:10,192.168.2.245,9677,151.101.1.69,443,Laptop-03,david
2025-05-08 9:00,192.168.3.100,33269,151.101.1.69,443,Server-01,david
2025-05-08 9:41,192.168.1.92,36946,172.217.3.110,443,Laptop-03,bob
2025-05-08 9:16,192.168.5.27,64283,23.32.57.169,443,Server-02,eve
2025-05-08 9:37,192.168.2.203,53822,104.244.42.1,443,Server-02,eve
2025-05-08 9:00,192.168.5.183,61606,1.13.156.116,443,Workstation-01,charlie
2025-05-08 9:30,192.168.2.252,28241,8.218.120.126,443,Laptop-03,bob
2025-05-08 9:16,192.168.5.135,15859,23.32.57.169,443,Laptop-03,alice
2025-05-08 9:16,192.168.2.245,46970,104.244.42.1,443,Server-01,charlie
2025-05-08 13:33,192.168.3.230,16848,13.107.246.40,443,Workstation-01,david
2025-05-08 9:08,192.168.3.164,3821,104.244.42.1,443,Workstation-01,david
2025-05-08 9:23,192.168.2.252,24973,104.244.42.1,443,Laptop-03,eve
2025-05-08 12:22,192.168.1.92,27053,185.199.108.153,443,Workstation-02,bob
2025-05-08 9:13,192.168.3.100,60583,142.250.72.206,443,Workstation-02,eve
2025-05-08 9:06,192.168.1.89,59418,99.84.181.104,443,Workstation-02,alice
2025-05-08 9:05,192.168.4.97,49340,23.32.57.169,443,Laptop-03,charlie
2025-05-08 11:33,192.168.1.195,62178,23.32.57.169,443,Server-02,david
2025-05-08 9:08,192.168.4.97,41731,151.101.1.69,443,Workstation-01,bob
2025-05-08 9:31,192.168.5.183,42900,104.244.42.1,443,Workstation-01,charlie
2025-05-08 11:07,192.168.1.195,40403,142.250.72.206,443,Laptop-03,david
2025-05-08 13:27,192.168.2.245,21364,142.250.72.206,443,Server-02,eve
2025-05-08 9:30,192.168.1.211,10545,1.13.156.116,443,Server-02,david
2025-05-08 9:00,192.168.1.199,13968,1.13.156.116,443,Workstation-02,david
2025-05-08 11:04,192.168.2.218,39111,142.250.72.206,443,Laptop-03,david
2025-05-08 9:21,192.168.1.193,8516,142.250.72.206,443,Server-02,david
2025-05-08 12:40,192.168.2.245,15174,185.199.108.153,443,Server-02,alice
2025-05-08 10:52,192.168.3.171,1924,172.217.3.110,443,Workstation-02,eve
2025-05-08 9:02,192.168.1.89,3341,185.199.108.153,443,Workstation-01,eve
2025-05-08 9:00,192.168.5.247,51626,172.217.3.110,443,Server-01,bob
2025-05-08 9:13,192.168.2.252,31924,142.250.72.206,443,Laptop-03,david
2025-05-08 9:52,192.168.2.203,23394,23.32.57.169,443,Workstation-02,bob
2025-05-08 9:09,192.168.1.89,35894,13.107.246.40,443,Laptop-03,charlie
2025-05-08 10:01,192.168.3.171,65080,142.250.72.206,443,Laptop-03,charlie
2025-05-08 10:58,192.168.3.169,42726,99.84.181.104,443,Server-01,david
2025-05-08 9:07,192.168.5.229,26597,185.199.108.153,443,Workstation-02,alice
2025-05-08 12:09,192.168.1.195,13701,1.13.156.116,443,Server-01,charlie
2025-05-08 9:28,192.168.2.252,52267,8.218.120.126,443,Server-02,alice
2025-05-08 9:17,192.168.5.146,50545,142.250.72.206,443,Server-02,charlie
2025-05-08 10:36,192.168.1.8,18273,1.13.156.116,443,Server-02,bob
2025-05-08 9:00,192.168.3.171,46728,23.32.57.169,443,Laptop-03,alice
2025-05-08 12:05,192.168.1.199,25699,13.107.246.40,443,Laptop-03,charlie
2025-05-08 11:41,192.168.1.184,4648,13.107.246.40,443,Workstation-01,alice
2025-05-08 9:24,192.168.4.82,18485,23.32.57.169,443,Laptop-03,eve
2025-05-08 9:20,192.168.1.193,52748,172.217.3.110,443,Workstation-02,alice
2025-05-08 9:01,192.168.3.164,6276,23.32.57.169,443,Server-01,eve
2025-05-08 9:17,192.168.1.89,35334,8.218.120.126,443,Server-01,bob
2025-05-08 9:02,192.168.3.169,57423,99.84.181.104,443,Workstation-01,david
2025-05-08 9:59,192.168.1.199,5218,13.107.246.40,443,Laptop-03,bob
2025-05-08 9:46,192.168.5.159,44927,172.217.3.110,443,Laptop-03,eve
2025-05-08 9:06,192.168.3.100,62577,99.84.181.104,443,Laptop-03,charlie
2025-05-08 9:30,192.168.1.89,7996,142.250.72.206,443,Workstation-02,david
2025-05-08 9:09,192.168.1.211,2612,185.199.108.153,443,Workstation-01,charlie
2025-05-08 11:20,192.168.1.184,38301,1.13.156.116,443,Workstation-02,bob
2025-05-08 12:54,192.168.1.199,19126,104.244.42.1,443,Laptop-03,alice
2025-05-08 9:16,192.168.4.162,37132,172.217.3.110,443,Server-01,eve
2025-05-08 9:04,192.168.1.193,20177,23.32.57.169,443,Workstation-01,david
2025-05-08 9:10,192.168.2.245,10273,13.107.246.40,443,Workstation-01,charlie
2025-05-08 10:15,192.168.4.187,54516,104.244.42.1,443,Workstation-02,charlie
2025-05-08 9:00,192.168.5.135,22239,13.107.246.40,443,Workstation-02,alice
2025-05-08 9:18,192.168.2.218,22888,209.74.71.198,443,Workstation-02,charlie
2025-05-08 9:14,192.168.3.169,51702,172.217.3.110,443,Workstation-01,eve
2025-05-08 9:16,192.168.3.181,34668,209.74.71.198,443,Workstation-01,eve
2025-05-08 13:02,192.168.2.245,19398,13.107.246.40,443,Laptop-03,alice
2025-05-08 11:14,192.168.2.218,4811,209.74.71.198,443,Server-02,charlie
2025-05-08 9:22,192.168.5.146,42795,13.107.246.40,443,Server-01,charlie
2025-05-08 9:15,192.168.5.135,4908,104.244.42.1,443,Laptop-03,bob
2025-05-08 10:41,192.168.3.171,37955,185.199.108.153,443,Server-01,alice
2025-05-08 9:06,192.168.5.247,53642,185.199.108.153,443,Server-02,alice
2025-05-08 9:03,192.168.4.82,61841,151.101.1.69,443,Server-01,bob
2025-05-08 11:21,192.168.1.8,36025,23.32.57.169,443,Workstation-02,bob
2025-05-08 10:53,192.168.1.199,3436,172.217.3.110,443,Server-02,charlie
2025-05-08 9:15,192.168.4.97,23225,104.244.42.1,443,Server-02,bob
2025-05-08 9:26,192.168.1.211,61563,99.84.181.104,443,Server-01,eve
2025-05-08 11:43,192.168.1.195,41157,1.13.156.116,443,Server-02,bob
2025-05-08 13:10,192.168.3.230,57673,8.218.120.126,443,Laptop-03,david
2025-05-08 12:59,192.168.1.195,8667,185.199.108.153,443,Server-01,eve
2025-05-08 12:14,192.168.1.199,53685,142.250.72.206,443,Workstation-01,bob
2025-05-08 9:18,192.168.1.89,3623,1.13.156.116,443,Server-01,alice
2025-05-08 9:23,192.168.4.82,24503,142.250.72.206,443,Laptop-03,david
2025-05-08 9:09,192.168.4.82,42382,8.218.120.126,443,Workstation-02,eve
2025-05-08 9:07,192.168.3.181,45411,185.199.108.153,443,Server-02,david
2025-05-08 9:50,192.168.4.187,28407,8.218.120.126,443,Server-02,bob
2025-05-08 9:17,192.168.5.183,12818,13.107.246.40,443,Laptop-03,david
2025-05-08 9:32,192.168.2.252,53728,151.101.1.69,443,Workstation-02,bob
2025-05-08 13:44,192.168.1.199,57301,151.101.1.69,443,Laptop-03,eve
2025-05-08 10:27,192.168.5.6,10871,23.32.57.169,443,Laptop-03,charlie
2025-05-08 9:42,192.168.2.245,7145,23.32.57.169,443,Server-02,bob
2025-05-08 9:10,192.168.1.199,8634,8.218.120.126,443,Laptop-03,bob
2025-05-08 9:30,192.168.5.135,18041,13.107.246.40,443,Workstation-01,bob
2025-05-08 9:20,192.168.5.247,36865,209.74.71.198,443,Server-02,david
2025-05-08 10:16,192.168.1.8,50710,23.32.57.169,443,Laptop-03,david
2025-05-08 10:25,192.168.1.195,53840,1.13.156.116,443,Workstation-01,bob
2025-05-08 9:24,192.168.4.97,10179,172.217.3.110,443,Workstation-01,eve
2025-05-08 9:06,192.168.4.82,35729,99.84.181.104,443,Laptop-03,david
2025-05-08 11:05,192.168.4.187,27962,23.32.57.169,443,Server-01,david
2025-05-08 11:44,192.168.5.183,38212,23.32.57.169,443,Workstation-01,bob
2025-05-08 9:11,192.168.3.100,28194,1.13.156.116,443,Workstation-02,david
2025-05-08 9:23,192.168.3.164,10536,172.217.3.110,443,Laptop-03,alice
2025-05-08 9:07,192.168.5.146,8088,185.199.108.153,443,Laptop-03,bob
2025-05-08 10:53,192.168.2.245,17279,1.13.156.116,443,Workstation-02,david
2025-05-08 9:31,192.168.3.164,56285,151.101.1.69,443,Workstation-01,bob
2025-05-08 9:04,192.168.4.162,25829,13.107.246.40,443,Server-02,bob
2025-05-08 9:10,192.168.3.100,48457,99.84.181.104,443,Workstation-02,bob
2025-05-08 9:13,192.168.1.211,19343,185.199.108.153,443,Workstation-01,david
2025-05-08 12:02,192.168.3.230,17720,172.217.3.110,443,Laptop-03,eve
2025-05-08 9:26,192.168.3.164,29637,142.250.72.206,443,Server-02,charlie
2025-05-08 14:31,192.168.2.245,6244,172.217.3.110,443,Workstation-02,eve
2025-05-08 9:43,192.168.3.230,44981,151.101.1.69,443,Workstation-02,alice
2025-05-08 9:26,192.168.2.252,17012,151.101.1.69,443,Workstation-02,bob
2025-05-08 10:53,192.168.1.184,56506,172.217.3.110,443,Workstation-02,charlie
2025-05-08 9:05,192.168.5.247,57256,8.218.120.126,443,Server-01,charlie
2025-05-08 9:03,192.168.5.229,65070,172.217.3.110,443,Workstation-01,charlie
2025-05-08 9:00,192.168.1.195,46340,209.74.71.198,443,Workstation-01,eve
2025-05-08 10:16,192.168.5.6,23310,1.13.156.116,443,Laptop-03,charlie
2025-05-08 9:05,192.168.5.146,17677,185.199.108.153,443,Server-01,david
2025-05-08 9:07,192.168.5.183,33533,151.101.1.69,443,Laptop-03,bob
2025-05-08 13:00,192.168.3.230,26611,8.218.120.126,443,Laptop-03,bob
2025-05-08 11:04,192.168.3.169,52418,151.101.1.69,443,Server-01,bob
2025-05-08 12:51,192.168.1.195,36729,23.32.57.169,443,Workstation-01,eve
2025-05-08 9:24,192.168.5.146,40774,172.217.3.110,443,Laptop-03,alice
2025-05-08 9:20,192.168.1.89,22092,99.84.181.104,443,Workstation-02,alice
2025-05-08 9:15,192.168.5.6,60496,13.107.246.40,443,Laptop-03,charlie
2025-05-08 9:26,192.168.4.162,21464,8.218.120.126,443,Server-01,alice
2025-05-08 9:17,192.168.4.97,19685,185.199.108.153,443,Workstation-01,charlie
2025-05-08 9:17,192.168.2.252,40692,1.13.156.116,443,Server-01,david
2025-05-08 9:14,192.168.3.181,20425,104.244.42.1,443,Server-01,charlie
2025-05-08 10:05,192.168.1.8,35260,8.218.120.126,443,Workstation-02,alice
2025-05-08 9:06,192.168.3.230,55647,209.74.71.198,443,Server-01,alice
2025-05-08 11:15,192.168.1.199,22429,13.107.246.40,443,Server-02,alice
2025-05-08 9:07,192.168.4.82,11253,23.32.57.169,443,Workstation-01,alice
2025-05-08 9:16,192.168.3.169,27618,142.250.72.206,443,Server-01,alice
2025-05-08 9:05,192.168.1.211,9836,172.217.3.110,443,Server-01,charlie
2025-05-08 11:25,192.168.1.8,51732,13.107.246.40,443,Server-01,bob
2025-05-08 9:13,192.168.3.164,33500,172.217.3.110,443,Workstation-01,eve
2025-05-08 11:46,192.168.2.245,8524,209.74.71.198,443,Server-01,eve
2025-05-08 9:32,192.168.1.211,53515,23.32.57.169,443,Workstation-02,alice
2025-05-08 10:25,192.168.3.230,37322,8.218.120.126,443,Server-01,david
2025-05-08 9:00,192.168.4.162,64264,104.244.42.1,443,Workstation-01,bob
2025-05-08 9:11,192.168.1.211,46220,99.84.181.104,443,Server-01,bob
2025-05-08 9:00,192.168.4.187,59493,23.32.57.169,443,Server-02,david
2025-05-08 9:22,192.168.3.171,30192,104.244.42.1,443,Laptop-03,eve
2025-05-08 13:25,192.168.1.199,45643,8.218.120.126,443,Workstation-02,david
2025-05-08 10:14,192.168.3.171,36129,104.244.42.1,443,Server-01,alice
2025-05-08 10:57,192.168.2.218,24137,104.244.42.1,443,Workstation-01,david
2025-05-08 12:19,192.168.3.230,22698,104.244.42.1,443,Server-01,charlie
2025-05-08 9:07,192.168.5.247,13459,151.101.1.69,443,Server-01,david
2025-05-08 9:12,192.168.3.181,24552,185.199.108.153,443,Laptop-03,bob
2025-05-08 9:23,192.168.1.211,28578,151.101.1.69,443,Server-01,alice
2025-05-08 9:21,192.168.4.82,55587,185.199.108.153,443,Server-01,david
2025-05-08 9:15,192.168.5.27,21471,104.244.42.1,443,Server-01,alice
2025-05-08 9:35,192.168.3.164,29111,1.13.156.116,443,Workstation-01,david
2025-05-08 9:11,192.168.4.97,50497,209.74.71.198,443,Workstation-01,charlie
2025-05-08 9:07,192.168.5.27,20427,8.218.120.126,443,Workstation-01,alice
2025-05-08 9:54,192.168.3.230,24543,99.84.181.104,443,Workstation-02,alice
2025-05-08 10:13,192.168.2.218,60535,185.199.108.153,443,Server-02,eve
2025-05-08 9:12,192.168.1.195,58443,104.244.42.1,443,Workstation-01,alice
2025-05-08 9:00,192.168.5.6,48027,13.107.246.40,443,Server-02,david
2025-05-08 13:36,192.168.3.230,46849,209.74.71.198,443,Laptop-03,alice
2025-05-08 10:54,192.168.5.183,35984,151.101.1.69,443,Server-01,david
2025-05-08 9:40,192.168.1.199,13907,142.250.72.206,443,Workstation-01,david
2025-05-08 11:54,192.168.4.187,24923,104.244.42.1,443,Workstation-02,alice
2025-05-08 10:22,192.168.1.199,12241,142.250.72.206,443,Workstation-02,david
2025-05-08 10:17,192.168.3.169,16231,151.101.1.69,443,Server-01,bob
2025-05-08 10:50,192.168.2.218,11408,23.32.57.169,443,Workstation-01,alice
2025-05-08 9:15,192.168.1.193,11631,104.244.42.1,443,Server-02,david
2025-05-08 10:45,192.168.2.203,46388,209.74.71.198,443,Workstation-01,bob
2025-05-08 9:11,192.168.5.247,18408,209.74.71.198,443,Laptop-03,eve
2025-05-08 9:12,192.168.5.247,39763,8.218.120.126,443,Workstation-01,eve
2025-05-08 9:11,192.168.1.89,57667,1.13.156.116,443,Workstation-01,eve
2025-05-08 9:10,192.168.5.159,31127,23.32.57.169,443,Server-01,charlie
2025-05-08 9:31,192.168.4.162,47959,1.13.156.116,443,Laptop-03,charlie
2025-05-08 9:01,192.168.5.229,29477,151.101.1.69,443,Server-02,david
2025-05-08 9:13,192.168.4.82,34124,23.32.57.169,443,Workstation-01,eve
2025-05-08 9:13,192.168.5.27,12171,172.217.3.110,443,Laptop-03,eve
2025-05-08 9:00,192.168.1.89,7681,172.217.3.110,443,Server-01,eve
2025-05-08 9:17,192.168.3.164,50026,172.217.3.110,443,Workstation-02,eve
2025-05-08 9:10,192.168.5.146,43350,172.217.3.110,443,Server-01,alice
2025-05-08 12:13,192.168.3.230,34282,23.32.57.169,443,Server-01,charlie
2025-05-08 9:35,192.168.1.89,23777,142.250.72.206,443,Laptop-03,bob
2025-05-08 9:48,192.168.1.8,50010,1.13.156.116,443,Workstation-02,david
2025-05-08 11:52,192.168.5.183,8720,104.244.42.1,443,Laptop-03,alice
2025-05-08 9:00,192.168.3.169,3558,8.218.120.126,443,Workstation-01,alice
2025-05-08 9:21,192.168.4.97,43229,23.32.57.169,443,Workstation-02,david
2025-05-08 9:17,192.168.3.181,23020,23.32.57.169,443,Laptop-03,bob
2025-05-08 10:05,192.168.5.6,39342,104.244.42.1,443,Workstation-01,eve
2025-05-08 9:01,192.168.2.252,53368,13.107.246.40,443,Server-01,david
2025-05-08 9:03,192.168.2.252,59177,209.74.71.198,443,Server-02,bob
2025-05-08 9:58,192.168.3.169,64716,1.13.156.116,443,Laptop-03,alice
2025-05-08 10:36,192.168.1.195,43373,172.217.3.110,443,Server-02,david
2025-05-08 9:07,192.168.1.211,32127,151.101.1.69,443,Server-01,charlie
2025-05-08 12:30,192.168.1.195,31006,151.101.1.69,443,Workstation-02,bob
2025-05-08 9:28,192.168.1.89,9090,142.250.72.206,443,Workstation-01,alice
2025-05-08 9:25,192.168.5.146,64303,8.218.120.126,443,Server-01,david
2025-05-08 9:15,192.168.3.164,47493,172.217.3.110,443,Workstation-02,david
2025-05-08 12:14,192.168.5.183,5460,209.74.71.198,443,Workstation-01,david
2025-05-08 9:24,192.168.4.82,53252,104.244.42.1,443,Laptop-03,charlie
2025-05-08 9:28,192.168.3.171,54824,23.32.57.169,443,Server-02,eve
2025-05-08 9:52,192.168.5.159,40923,104.244.42.1,443,Laptop-03,bob
2025-05-08 11:36,192.168.1.8,54797,13.107.246.40,443,Workstation-02,bob
2025-05-08 9:44,192.168.3.169,16942,1.13.156.116,443,Laptop-03,bob
2025-05-08 9:10,192.168.5.6,31591,104.244.42.1,443,Server-01,david
2025-05-08 12:38,192.168.4.187,4769,8.218.120.126,443,Workstation-01,alice
2025-05-08 9:31,192.168.1.211,45783,1.13.156.116,443,Server-02,david
2025-05-08 12:21,192.168.2.245,24999,1.13.156.116,443,Laptop-03,david
2025-05-08 11:34,192.168.5.183,42439,1.13.156.116,443,Workstation-02,david
2025-05-08 9:52,192.168.4.187,16292,172.217.3.110,443,Laptop-03,eve
2025-05-08 12:51,192.168.1.195,61155,151.101.1.69,443,Laptop-03,david
2025-05-08 9:05,192.168.5.135,15584,23.32.57.169,443,Server-01,charlie
2025-05-08 9:08,192.168.1.193,45688,185.199.108.153,443,Server-02,david
2025-05-08 11:06,192.168.2.245,14737,8.218.120.126,443,Server-02,alice
2025-05-08 10:39,192.168.2.245,44423,172.217.3.110,443,Laptop-03,charlie
2025-05-08 10:42,192.168.1.92,30444,8.218.120.126,443,Server-02,alice
2025-05-08 10:42,192.168.1.8,50160,23.32.57.169,443,Workstation-01,alice
2025-05-08 11:23,192.168.1.92,31034,99.84.181.104,443,Workstation-02,alice
2025-05-08 9:13,192.168.5.146,8073,99.84.181.104,443,Workstation-01,alice
2025-05-08 11:09,192.168.4.187,5473,185.199.108.153,443,Server-02,alice
2025-05-08 11:36,192.168.4.187,48962,13.107.246.40,443,Laptop-03,eve
2025-05-08 9:03,192.168.3.164,39179,104.244.42.1,443,Workstation-02,david
2025-05-08 9:54,192.168.5.6,18260,99.84.181.104,443,Server-01,charlie
2025-05-08 13:02,192.168.4.187,43361,185.199.108.153,443,Workstation-01,david
2025-05-08 9:26,192.168.5.135,64056,1.13.156.116,443,Laptop-03,bob
2025-05-08 14:05,192.168.2.245,46034,13.107.246.40,443,Workstation-01,charlie
2025-05-08 10:00,192.168.4.187,37919,209.74.71.198,443,Workstation-01,charlie
2025-05-08 11:10,192.168.5.159,62711,142.250.72.206,443,Workstation-02,alice
2025-05-08 9:13,192.168.1.193,8413,8.218.120.126,443,Server-02,bob
2025-05-08 9:00,192.168.3.230,32466,104.244.42.1,443,Server-02,bob
2025-05-08 13:39,192.168.3.230,47710,13.107.246.40,443,Server-02,david
2025-05-08 10:30,192.168.1.8,61315,142.250.72.206,443,Laptop-03,eve
2025-05-08 9:26,192.168.5.247,16885,13.107.246.40,443,Workstation-01,eve
2025-05-08 9:34,192.168.2.252,10863,13.107.246.40,443,Server-01,bob
2025-05-08 10:35,192.168.4.187,42647,172.217.3.110,443,Server-01,alice
2025-05-08 9:06,192.168.3.181,22107,104.244.42.1,443,Workstation-01,charlie
2025-05-08 10:07,192.168.5.159,5267,99.84.181.104,443,Workstation-01,bob
2025-05-08 9:05,192.168.4.162,46932,151.101.1.69,443,Workstation-02,charlie
2025-05-08 9:01,192.168.5.6,27048,209.74.71.198,443,Server-01,david
2025-05-08 14:12,192.168.1.199,35300,8.218.120.126,443,Server-02,bob
2025-05-08 10:20,192.168.1.184,24146,99.84.181.104,443,Server-01,charlie
2025-05-08 9:34,192.168.2.203,10415,142.250.72.206,443,Laptop-03,alice
2025-05-08 9:02,192.168.5.247,31334,185.199.108.153,443,Workstation-01,david
2025-05-08 9:00,192.168.5.229,5503,23.32.57.169,443,Laptop-03,bob
2025-05-08 9:16,192.168.1.211,23785,104.244.42.1,443,Workstation-02,alice
2025-05-08 10:07,192.168.3.230,55282,172.217.3.110,443,Workstation-01,eve
2025-05-08 9:33,192.168.3.164,40307,23.32.57.169,443,Server-02,bob
2025-05-08 9:11,192.168.4.82,2555,23.32.57.169,443,Workstation-02,david
2025-05-08 11:20,192.168.3.169,55888,1.13.156.116,443,Laptop-03,charlie
2025-05-08 10:57,192.168.4.187,34594,209.74.71.198,443,Laptop-03,alice
2025-05-08 9:00,192.168.3.164,23822,151.101.1.69,443,Server-01,bob
2025-05-08 9:12,192.168.5.135,57949,104.244.42.1,443,Laptop-03,charlie
2025-05-08 9:14,192.168.1.211,12628,185.199.108.153,443,Workstation-02,bob
2025-05-08 9:09,192.168.3.164,17148,104.244.42.1,443,Workstation-02,bob
2025-05-08 9:20,192.168.1.211,43202,185.199.108.153,443,Laptop-03,eve
2025-05-08 9:24,192.168.3.164,39966,142.250.72.206,443,Laptop-03,bob
2025-05-08 9:20,192.168.4.97,6432,172.217.3.110,443,Workstation-01,charlie
2025-05-08 9:39,192.168.1.92,57960,104.244.42.1,443,Workstation-02,david
2025-05-08 9:19,192.168.5.27,3476,185.199.108.153,443,Workstation-02,david
2025-05-08 9:13,192.168.5.229,11742,104.244.42.1,443,Server-02,david
2025-05-08 9:19,192.168.4.97,46983,172.217.3.110,443,Server-01,eve
2025-05-08 9:22,192.168.1.193,59620,172.217.3.110,443,Workstation-01,david
2025-05-08 9:52,192.168.2.245,5218,142.250.72.206,443,Server-02,david
2025-05-08 9:16,192.168.1.193,23456,142.250.72.206,443,Server-01,eve
2025-05-08 9:28,192.168.3.164,31677,209.74.71.198,443,Server-01,david
2025-05-08 9:08,192.168.1.193,60279,142.250.72.206,443,Server-02,bob
2025-05-08 10:53,192.168.1.92,29428,13.107.246.40,443,Workstation-01,eve
2025-05-08 9:11,192.168.5.27,10184,99.84.181.104,443,Server-01,david
2025-05-08 12:03,192.168.4.187,58080,151.101.1.69,443,Workstation-01,bob
2025-05-08 11:57,192.168.1.92,57012,142.250.72.206,443,Workstation-02,alice
2025-05-08 11:32,192.168.2.245,25899,172.217.3.110,443,Workstation-02,alice
2025-05-08 9:06,192.168.1.211,27823,13.107.246.40,443,Workstation-02,charlie
2025-05-08 9:01,192.168.4.82,6312,151.101.1.69,443,Server-02,charlie
2025-05-08 11:39,192.168.3.230,63215,151.101.1.69,443,Workstation-02,bob
2025-05-08 9:33,192.168.5.159,38027,23.32.57.169,443,Laptop-03,bob
2025-05-08 10:31,192.168.3.169,30913,23.32.57.169,443,Server-01,eve
2025-05-08 11:03,192.168.5.159,32908,209.74.71.198,443,Server-02,david
2025-05-08 9:19,192.168.5.247,42821,209.74.71.198,443,Workstation-02,eve
2025-05-08 11:31,192.168.1.195,22914,1.13.156.116,443,Workstation-02,alice
2025-05-08 9:08,192.168.4.82,24225,142.250.72.206,443,Server-02,charlie
2025-05-08 9:12,192.168.4.162,24717,209.74.71.198,443,Workstation-02,bob
2025-05-08 9:24,192.168.4.162,27848,209.74.71.198,443,Server-01,bob
2025-05-08 9:14,192.168.5.146,18004,23.32.57.169,443,Server-02,charlie
2025-05-08 9:01,192.168.5.146,62105,151.101.1.69,443,Workstation-01,eve
2025-05-08 9:28,192.168.1.8,3324,104.244.42.1,443,Workstation-01,david
2025-05-08 9:22,192.168.1.211,20924,1.13.156.116,443,Server-02,bob
2025-05-08 11:06,192.168.1.184,42653,8.218.120.126,443,Server-02,david
2025-05-08 9:00,192.168.5.247,47849,209.74.71.198,443,Workstation-02,charlie
2025-05-08 9:07,192.168.4.162,25046,99.84.181.104,443,Workstation-01,eve
2025-05-08 9:15,192.168.5.247,2257,13.107.246.40,443,Server-02,alice
2025-05-08 9:10,192.168.4.82,10180,13.107.246.40,443,Server-02,david
2025-05-08 9:04,192.168.5.27,56735,99.84.181.104,443,Workstation-02,david
2025-05-08 9:04,192.168.2.252,25888,142.250.72.206,443,Server-01,charlie
2025-05-08 10:51,192.168.3.230,10291,142.250.72.206,443,Laptop-03,eve
2025-05-08 9:04,192.168.1.211,22459,8.218.120.126,443,Server-01,charlie
2025-05-08 9:18,192.168.5.146,4817,8.218.120.126,443,Server-02,alice
2025-05-08 11:14,192.168.3.230,30526,151.101.1.69,443,Server-02,charlie
2025-05-08 9:15,192.168.1.211,57137,104.244.42.1,443,Workstation-02,charlie
2025-05-08 11:48,192.168.1.184,41511,172.217.3.110,443,Workstation-01,alice
2025-05-08 10:06,192.168.1.8,41572,8.218.120.126,443,Laptop-03,eve
2025-05-08 9:26,192.168.5.159,4840,151.101.1.69,443,Workstation-02,eve
2025-05-08 11:32,192.168.5.183,17832,1.13.156.116,443,Server-02,alice
2025-05-08 9:58,192.168.2.203,35049,13.107.246.40,443,Workstation-02,eve
2025-05-08 11:09,192.168.5.183,13165,151.101.1.69,443,Workstation-02,charlie
2025-05-08 9:59,192.168.5.6,12842,151.101.1.69,443,Workstation-01,david
2025-05-08 9:10,192.168.5.247,26562,209.74.71.198,443,Workstation-02,david
2025-05-08 10:54,192.168.4.187,47685,142.250.72.206,443,Laptop-03,charlie
2025-05-08 9:15,192.168.1.89,52388,13.107.246.40,443,Workstation-02,david
2025-05-08 12:14,192.168.2.245,22716,151.101.1.69,443,Server-02,bob
2025-05-08 9:05,192.168.5.27,14933,209.74.71.198,443,Workstation-01,alice
2025-05-08 9:05,192.168.4.162,36917,8.218.120.126,443,Workstation-01,eve
2025-05-08 10:34,192.168.5.183,10892,172.217.3.110,443,Workstation-01,bob
2025-05-08 9:02,192.168.5.135,9151,185.199.108.153,443,Laptop-03,charlie
2025-05-08 12:02,192.168.1.184,55900,23.32.57.169,443,Server-02,david
2025-05-08 13:48,192.168.2.245,43150,23.32.57.169,443,Laptop-03,david
2025-05-08 9:06,192.168.1.193,59357,142.250.72.206,443,Laptop-03,eve
2025-05-08 9:19,192.168.1.193,8778,172.217.3.110,443,Laptop-03,david
2025-05-08 9:00,192.168.5.146,8298,209.74.71.198,443,Workstation-01,alice
2025-05-08 9:09,192.168.3.181,35427,1.13.156.116,443,Server-02,alice
2025-05-08 9:19,192.168.2.203,19751,172.217.3.110,443,Workstation-02,bob
2025-05-08 10:45,192.168.1.199,23371,8.218.120.126,443,Workstation-02,eve
2025-05-08 9:17,192.168.3.171,50744,104.244.42.1,443,Workstation-02,charlie
2025-05-08 9:18,192.168.4.82,19792,104.244.42.1,443,Workstation-01,alice
2025-05-08 9:00,192.168.1.8,51367,209.74.71.198,443,Laptop-03,david
2025-05-08 9:17,192.168.4.82,12435,209.74.71.198,443,Server-01,alice
2025-05-08 9:10,192.168.5.27,14924,8.218.120.126,443,Server-02,alice
2025-05-08 10:03,192.168.3.169,51617,1.13.156.116,443,Workstation-02,bob
2025-05-08 14:07,192.168.1.199,32931,209.74.71.198,443,Workstation-01,alice
2025-05-08 10:35,192.168.3.230,24049,8.218.120.126,443,Laptop-03,charlie
2025-05-08 9:23,192.168.4.97,60037,209.74.71.198,443,Laptop-03,david
2025-05-08 9:01,192.168.3.230,47427,151.101.1.69,443,Server-02,eve
2025-05-08 11:35,192.168.2.245,5358,23.32.57.169,443,Laptop-03,david
2025-05-08 9:31,192.168.1.89,31583,13.107.246.40,443,Workstation-02,alice
2025-05-08 9:21,192.168.5.27,61777,172.217.3.110,443,Laptop-03,eve
2025-05-08 9:20,192.168.5.27,32368,1.13.156.116,443,Workstation-02,alice
2025-05-08 12:27,192.168.1.199,20607,13.107.246.40,443,Server-02,charlie
2025-05-08 10:41,192.168.2.218,23754,151.101.1.69,443,Server-01,charlie
2025-05-08 9:20,192.168.4.187,62734,151.101.1.69,443,Laptop-03,david
2025-05-08 11:11,192.168.1.8,42953,209.74.71.198,443,Workstation-01,david
2025-05-08 9:03,192.168.5.27,47375,23.32.57.169,443,Server-02,david
2025-05-08 9:29,192.168.4.162,8047,104.244.42.1,443,Server-01,david
2025-05-08 9:12,192.168.1.89,6729,142.250.72.206,443,Workstation-02,eve
2025-05-08 9:09,192.168.5.27,9547,172.217.3.110,443,Workstation-01,alice
2025-05-08 11:19,192.168.3.169,59939,172.217.3.110,443,Server-02,eve
2025-05-08 9:22,192.168.5.135,63849,8.218.120.126,443,Server-01,alice
2025-05-08 9:29,192.168.2.252,5322,99.84.181.104,443,Server-02,alice
2025-05-08 9:25,192.168.4.82,47360,151.101.1.69,443,Workstation-01,david
2025-05-08 9:09,192.168.5.229,12775,172.217.3.110,443,Server-01,eve
2025-05-08 12:14,192.168.4.187,48650,8.218.120.126,443,Workstation-02,david
2025-05-08 9:16,192.168.1.92,55559,151.101.1.69,443,Server-01,eve
2025-05-08 9:30,192.168.4.162,54495,142.250.72.206,443,Workstation-01,alice
2025-05-08 10:42,192.168.4.187,28595,185.199.108.153,443,Server-02,bob
2025-05-08 9:33,192.168.5.135,11426,185.199.108.153,443,Server-01,charlie
2025-05-08 9:09,192.168.2.252,59293,104.244.42.1,443,Workstation-01,alice
2025-05-08 10:20,192.168.5.159,18567,23.32.57.169,443,Laptop-03,eve
2025-05-08 9:12,192.168.2.252,24249,104.244.42.1,443,Workstation-02,david
2025-05-08 10:38,192.168.3.171,21930,104.244.42.1,443,Workstation-02,eve
2025-05-08 9:12,192.168.3.100,51979,185.199.108.153,443,Laptop-03,eve
2025-05-08 9:29,192.168.1.89,56214,151.101.1.69,443,Server-02,bob
2025-05-08 13:01,192.168.1.199,25913,185.199.108.153,443,Workstation-02,bob
2025-05-08 9:14,192.168.4.82,5113,8.218.120.126,443,Server-02,alice
2025-05-08 9:21,192.168.4.162,12574,151.101.1.69,443,Workstation-01,alice
2025-05-08 12:51,192.168.4.187,51755,8.218.120.126,443,Server-02,alice
2025-05-08 11:23,192.168.5.183,9890,1.13.156.116,443,Workstation-01,eve
2025-05-08 9:20,192.168.5.146,46741,209.74.71.198,443,Workstation-02,bob
2025-05-08 9:20,192.168.4.82,54089,142.250.72.206,443,Workstation-01,david
2025-05-08 9:51,192.168.2.203,18971,1.13.156.116,443,Laptop-03,bob
2025-05-08 9:12,192.168.4.97,50118,151.101.1.69,443,Workstation-01,alice
2025-05-08 12:15,192.168.1.92,64968,104.244.42.1,443,Workstation-02,bob
2025-05-08 10:20,192.168.5.183,51945,142.250.72.206,443,Server-02,charlie
2025-05-08 9:01,192.168.1.211,7858,23.32.57.169,443,Workstation-01,bob
2025-05-08 11:52,192.168.1.92,53733,8.218.120.126,443,Server-02,david
2025-05-08 9:14,192.168.5.247,42933,185.199.108.153,443,Laptop-03,eve
2025-05-08 13:33,192.168.1.199,63829,185.199.108.153,443,Workstation-02,bob
2025-05-08 9:28,192.168.3.169,10915,99.84.181.104,443,Server-02,david
2025-05-08 9:45,192.168.5.183,54212,142.250.72.206,443,Server-01,david
2025-05-08 9:08,192.168.1.89,53594,142.250.72.206,443,Server-01,bob
2025-05-08 9:02,192.168.5.27,51809,23.32.57.169,443,Workstation-01,charlie
2025-05-08 14:18,192.168.2.245,37080,142.250.72.206,443,Laptop-03,david
2025-05-08 9:08,192.168.5.229,59280,23.32.57.169,443,Server-02,eve
2025-05-08 9:04,192.168.1.89,18265,142.250.72.206,443,Server-01,david
2025-05-08 9:28,192.168.1.199,10015,185.199.108.153,443,Server-01,david
2025-05-08 10:43,192.168.3.169,62442,99.84.181.104,443,Server-01,david
2025-05-08 11:46,192.168.1.92,42429,151.101.1.69,443,Workstation-01,eve
2025-05-08 9:34,192.168.5.135,13301,209.74.71.198,443,Laptop-03,david
2025-05-08 10:36,192.168.1.92,29363,23.32.57.169,443,Server-02,charlie
2025-05-08 9:31,192.168.2.245,48074,23.32.57.169,443,Laptop-03,bob
2025-05-08 9:15,192.168.5.146,49853,104.244.42.1,443,Workstation-02,david
2025-05-08 9:04,192.168.2.203,54159,151.101.1.69,443,Server-02,charlie
2025-05-08 11:54,192.168.1.92,18940,23.32.57.169,443,Server-01,charlie
2025-05-08 11:37,192.168.3.169,2187,151.101.1.69,443,Workstation-02,charlie
2025-05-08 9:18,192.168.1.193,10470,209.74.71.198,443,Laptop-03,charlie
2025-05-08 9:07,192.168.5.146,19913,1.13.156.116,443,Server-02,david
2025-05-08 9:07,192.168.3.100,57183,8.218.120.126,443,Workstation-01,bob
2025-05-08 9:32,192.168.3.164,21446,13.107.246.40,443,Workstation-02,david
2025-05-08 11:24,192.168.3.169,34461,142.250.72.206,443,Workstation-02,charlie
2025-05-08 12:40,192.168.1.92,56438,99.84.181.104,443,Server-02,charlie
2025-05-08 9:20,192.168.4.82,54184,104.244.42.1,443,Server-02,david
2025-05-08 9:32,192.168.1.89,20657,185.199.108.153,443,Workstation-02,david
2025-05-08 9:12,192.168.4.97,31271,209.74.71.198,443,Server-02,eve
2025-05-08 9:12,192.168.4.82,22048,8.218.120.126,443,Workstation-01,charlie
2025-05-08 9:01,192.168.5.135,5683,172.217.3.110,443,Workstation-01,alice
2025-05-08 9:09,192.168.3.100,58535,23.32.57.169,443,Laptop-03,bob
2025-05-08 9:55,192.168.5.6,12614,104.244.42.1,443,Laptop-03,eve
2025-05-08 9:24,192.168.1.193,7189,99.84.181.104,443,Workstation-01,alice
2025-05-08 9:10,192.168.5.135,24602,23.32.57.169,443,Workstation-01,bob
2025-05-08 9:18,192.168.3.181,40715,185.199.108.153,443,Workstation-01,charlie
2025-05-08 12:20,192.168.1.195,52552,23.32.57.169,443,Server-01,alice
2025-05-08 9:14,192.168.3.164,43837,185.199.108.153,443,Server-02,alice
2025-05-08 9:33,192.168.2.252,37278,142.250.72.206,443,Server-02,bob
2025-05-08 10:00,192.168.1.195,55878,104.244.42.1,443,Laptop-03,bob
2025-05-08 9:06,192.168.2.252,59774,23.32.57.169,443,Laptop-03,charlie
2025-05-08 11:20,192.168.5.159,50620,104.244.42.1,443,Server-01,alice
2025-05-08 9:05,192.168.2.245,31762,8.218.120.126,443,Server-02,bob
2025-05-08 10:02,192.168.2.245,11308,172.217.3.110,443,Laptop-03,charlie
2025-05-08 11:29,192.168.1.184,33717,99.84.181.104,443,Workstation-01,bob
2025-05-08 10:22,192.168.4.187,37700,104.244.42.1,443,Laptop-03,eve
2025-05-08 12:34,192.168.1.92,20071,104.244.42.1,443,Workstation-01,alice
2025-05-08 9:02,192.168.2.252,35017,185.199.108.153,443,Laptop-03,eve
2025-05-08 9:03,192.168.5.146,11765,185.199.108.153,443,Workstation-01,bob
2025-05-08 9:31,192.168.5.135,57237,185.199.108.153,443,Workstation-02,alice
2025-05-08 13:54,192.168.1.199,12221,8.218.120.126,443,Server-02,eve
2025-05-08 11:16,192.168.1.195,23117,142.250.72.206,443,Workstation-01,eve
2025-05-08 9:18,192.168.1.195,43554,151.101.1.69,443,Workstation-01,alice
2025-05-08 9:15,192.168.3.164,4983,99.84.181.104,443,Workstation-01,eve
2025-05-08 9:25,192.168.5.135,30531,151.101.1.69,443,Server-02,alice
2025-05-08 9:18,192.168.5.27,37886,13.107.246.40,443,Workstation-01,david
2025-05-08 9:05,192.168.3.100,9926,23.32.57.169,443,Workstation-01,charlie
2025-05-08 9:15,192.168.5.229,5974,172.217.3.110,443,Workstation-01,bob
2025-05-08 9:26,192.168.1.89,54565,209.74.71.198,443,Workstation-01,eve
2025-05-08 10:44,192.168.3.230,7396,99.84.181.104,443,Server-01,alice
2025-05-08 9:10,192.168.2.252,5167,151.101.1.69,443,Workstation-01,alice
2025-05-08 11:59,192.168.2.245,13341,23.32.57.169,443,Server-02,alice
2025-05-08 9:05,192.168.3.181,57485,1.13.156.116,443,Laptop-03,david
2025-05-08 10:40,192.168.3.230,7469,185.199.108.153,443,Laptop-03,eve
2025-05-08 10:31,192.168.2.203,8366,209.74.71.198,443,Laptop-03,charlie
2025-05-08 9:01,192.168.5.27,12528,104.244.42.1,443,Server-01,alice
2025-05-08 9:35,192.168.5.135,61162,209.74.71.198,443,Workstation-01,charlie
2025-05-08 9:22,192.168.4.162,26231,8.218.120.126,443,Laptop-03,bob
2025-05-08 9:48,192.168.2.218,5427,13.107.246.40,443,Workstation-01,alice
2025-05-08 9:17,192.168.5.135,27579,185.199.108.153,443,Laptop-03,charlie
2025-05-08 10:25,192.168.3.171,19510,23.32.57.169,443,Server-01,charlie
2025-05-08 9:19,192.168.3.181,28324,142.250.72.206,443,Server-02,eve
2025-05-08 9:29,192.168.3.169,30013,209.74.71.198,443,Server-02,eve
2025-05-08 9:16,192.168.4.97,16262,8.218.120.126,443,Workstation-02,alice
2025-05-08 9:10,192.168.1.211,40649,13.107.246.40,443,Server-02,charlie
2025-05-08 9:21,192.168.1.89,19952,151.101.1.69,443,Laptop-03,eve
2025-05-08 10:40,192.168.5.159,34695,99.84.181.104,443,Server-01,david
2025-05-08 10:09,192.168.1.184,9337,99.84.181.104,443,Server-02,charlie
2025-05-08 9:01,192.168.4.162,4624,104.244.42.1,443,Workstation-02,david
2025-05-08 9:46,192.168.1.92,22308,209.74.71.198,443,Laptop-03,david
2025-05-08 9:24,192.168.5.247,40850,209.74.71.198,443,Server-02,bob
2025-05-08 10:04,192.168.2.218,36300,8.218.120.126,443,Workstation-02,charlie
2025-05-08 9:25,192.168.4.162,61361,1.13.156.116,443,Workstation-02,charlie
2025-05-08 11:19,192.168.1.195,65323,1.13.156.116,443,Workstation-01,bob
2025-05-08 11:49,192.168.1.195,32440,172.217.3.110,443,Laptop-03,alice
2025-05-08 9:00,192.168.5.27,30237,99.84.181.104,443,Laptop-03,charlie
2025-05-08 9:19,192.168.5.146,22991,209.74.71.198,443,Server-02,alice
2025-05-08 9:30,192.168.3.164,40972,209.74.71.198,443,Workstation-01,eve
2025-05-08 9:03,192.168.3.164,27431,151.101.1.69,443,Server-01,alice
2025-05-08 9:06,192.168.5.27,25939,151.101.1.69,443,Workstation-01,alice
2025-05-08 9:08,192.168.5.135,23904,104.244.42.1,443,Workstation-01,alice
2025-05-08 9:00,192.168.1.211,4633,104.244.42.1,443,Workstation-01,bob
2025-05-08 10:29,192.168.2.218,26999,23.32.57.169,443,Server-02,david
2025-05-08 10:19,192.168.1.199,7891,104.244.42.1,443,Server-02,david
2025-05-08 13:28,192.168.3.230,17301,1.13.156.116,443,Workstation-02,bob
2025-05-08 9:28,192.168.5.135,18899,23.32.57.169,443,Laptop-03,david
2025-05-08 9:29,192.168.1.211,62522,185.199.108.153,443,Server-02,bob
2025-05-08 9:32,192.168.1.92,33061,104.244.42.1,443,Workstation-02,charlie
2025-05-08 9:13,192.168.5.135,5211,151.101.1.69,443,Laptop-03,bob
2025-05-08 9:25,192.168.5.247,17960,23.32.57.169,443,Server-02,alice
2025-05-08 10:52,192.168.5.159,17921,1.13.156.116,443,Workstation-02,alice
2025-05-08 13:04,192.168.4.187,28469,172.217.3.110,443,Server-02,david
2025-05-08 9:09,192.168.1.193,40632,23.32.57.169,443,Server-02,eve
2025-05-08 9:30,192.168.2.218,35736,209.74.71.198,443,Server-01,eve
2025-05-08 9:02,192.168.4.162,54322,8.218.120.126,443,Workstation-02,charlie
2025-05-08 9:24,192.168.1.211,60752,185.199.108.153,443,Server-02,bob
2025-05-08 9:12,192.168.1.211,18150,13.107.246.40,443,Laptop-03,bob
2025-05-08 9:06,192.168.5.183,54113,99.84.181.104,443,Workstation-02,bob
2025-05-08 9:21,192.168.2.252,64575,142.250.72.206,443,Server-02,charlie
2025-05-08 9:14,192.168.4.97,64413,8.218.120.126,443,Server-02,charlie
2025-05-08 9:00,192.168.4.162,52316,1.13.156.116,443,Laptop-03,bob
2025-05-08 9:11,192.168.5.146,12756,13.107.246.40,443,Workstation-02,eve
2025-05-08 9:16,192.168.5.146,31656,99.84.181.104,443,Server-02,alice
2025-05-08 12:08,192.168.1.92,20417,151.101.1.69,443,Server-01,david
2025-05-08 9:10,192.168.3.181,50830,151.101.1.69,443,Laptop-03,david
2025-05-08 9:38,192.168.2.252,45708,209.74.71.198,443,Server-01,alice
2025-05-08 9:25,192.168.5.27,30733,8.218.120.126,443,Workstation-01,charlie
2025-05-08 9:03,192.168.5.135,50513,209.74.71.198,443,Workstation-02,eve
2025-05-08 11:45,192.168.1.199,22533,209.74.71.198,443,Workstation-02,eve
2025-05-08 9:01,192.168.4.97,23392,99.84.181.104,443,Workstation-01,bob
2025-05-08 9:02,192.168.5.146,34709,104.244.42.1,443,Laptop-03,eve
2025-05-08 9:11,192.168.5.135,14959,151.101.1.69,443,Workstation-01,alice
2025-05-08 9:24,192.168.2.252,19153,1.13.156.116,443,Workstation-02,bob
2025-05-08 9:18,192.168.1.211,20033,142.250.72.206,443,Workstation-01,david
2025-05-08 9:00,192.168.5.135,60565,23.32.57.169,443,Laptop-03,charlie
2025-05-08 9:16,192.168.5.247,53706,185.199.108.153,443,Workstation-02,eve
2025-05-08 11:32,192.168.1.92,45165,172.217.3.110,443,Server-01,bob
2025-05-08 9:04,192.168.5.247,2412,151.101.1.69,443,Server-02,alice
2025-05-08 9:13,192.168.3.181,44400,8.218.120.126,443,Workstation-01,eve
2025-05-08 9:07,192.168.3.164,51780,209.74.71.198,443,Workstation-02,bob
2025-05-08 9:26,192.168.5.146,38206,185.199.108.153,443,Server-02,bob
2025-05-08 9:06,192.168.1.8,65280,209.74.71.198,443,Server-01,alice
2025-05-08 13:05,192.168.3.230,41139,209.74.71.198,443,Server-01,alice
2025-05-08 11:17,192.168.5.159,55372,172.217.3.110,443,Server-02,david
2025-05-08 9:03,192.168.1.211,15409,99.84.181.104,443,Server-02,charlie
2025-05-08 9:41,192.168.5.6,21168,151.101.1.69,443,Server-02,bob
2025-05-08 10:26,192.168.3.169,9360,13.107.246.40,443,Workstation-01,charlie
2025-05-08 9:15,192.168.4.162,25826,8.218.120.126,443,Workstation-01,alice
2025-05-08 11:30,192.168.1.199,58605,23.32.57.169,443,Server-02,charlie
2025-05-08 11:01,192.168.3.171,63735,13.107.246.40,443,Workstation-01,eve
2025-05-08 9:19,192.168.4.162,57559,8.218.120.126,443,Server-02,alice
2025-05-08 9:04,192.168.3.181,4575,1.13.156.116,443,Server-02,david
2025-05-08 9:54,192.168.1.195,52246,23.32.57.169,443,Workstation-02,david
2025-05-08 9:03,192.168.4.82,35496,104.244.42.1,443,Workstation-01,charlie
2025-05-08 11:48,192.168.3.230,59846,142.250.72.206,443,Laptop-03,charlie
2025-05-08 9:39,192.168.1.8,26677,104.244.42.1,443,Server-01,eve
2025-05-08 11:20,192.168.4.187,18928,99.84.181.104,443,Workstation-01,eve
2025-05-08 10:16,192.168.3.171,8102,104.244.42.1,443,Workstation-01,alice
2025-05-08 13:36,192.168.2.245,22420,185.199.108.153,443,Workstation-01,david
2025-05-08 9:18,192.168.5.247,51260,23.32.57.169,443,Workstation-01,charlie
2025-05-08 10:18,192.168.5.6,2999,104.244.42.1,443,Server-02,charlie
2025-05-08 13:12,192.168.1.195,61193,99.84.181.104,443,Server-02,alice
2025-05-08 11:46,192.168.1.199,45074,185.199.108.153,443,Server-02,eve
2025-05-08 9:04,192.168.4.97,36971,23.32.57.169,443,Server-01,david
2025-05-08 9:17,192.168.1.211,4542,172.217.3.110,443,Workstation-02,charlie
2025-05-08 9:00,192.168.1.193,10224,142.250.72.206,443,Laptop-03,bob
2025-05-08 9:08,192.168.5.247,40088,172.217.3.110,443,Laptop-03,eve
2025-05-08 13:23,192.168.3.230,59239,1.13.156.116,443,Laptop-03,david
2025-05-08 9:15,192.168.3.100,26926,151.101.1.69,443,Workstation-01,bob
2025-05-08 9:36,192.168.2.252,11747,142.250.72.206,443,Workstation-01,david
2025-05-08 9:22,192.168.2.252,48088,104.244.42.1,443,Laptop-03,eve
2025-05-08 9:27,192.168.5.135,65173,23.32.57.169,443,Workstation-02,alice
2025-05-08 9:52,192.168.1.195,1386,13.107.246.40,443,Server-01,alice
2025-05-08 9:09,192.168.5.247,54394,151.101.1.69,443,Server-01,david
2025-05-08 9:13,192.168.5.247,30269,104.244.42.1,443,Server-01,david
2025-05-08 11:56,192.168.1.199,29879,151.101.1.69,443,Server-02,charlie
2025-05-08 10:24,192.168.2.203,46416,1.13.156.116,443,Laptop-03,david
2025-05-08 9:18,192.168.4.162,33624,151.101.1.69,443,Laptop-03,charlie
2025-05-08 9:33,192.168.1.89,64315,142.250.72.206,443,Laptop-03,charlie
2025-05-08 9:27,192.168.2.203,20302,142.250.72.206,443,Server-01,david
2025-05-08 9:23,192.168.5.146,15085,13.107.246.40,443,Workstation-01,alice
2025-05-08 11:30,192.168.1.184,38288,104.244.42.1,443,Server-01,bob
2025-05-08 12:38,192.168.2.245,52061,13.107.246.40,443,Workstation-02,david
2025-05-08 11:04,192.168.3.230,39674,151.101.1.69,443,Workstation-02,bob
2025-05-08 9:27,192.168.1.89,20779,151.101.1.69,443,Workstation-01,david
2025-05-08 11:01,192.168.1.92,21736,172.217.3.110,443,Workstation-02,bob
2025-05-08 9:22,192.168.3.164,52007,99.84.181.104,443,Server-02,eve
2025-05-08 9:04,192.168.3.100,51810,142.250.72.206,443,Server-01,bob
2025-05-08 9:20,192.168.3.164,55432,185.199.108.153,443,Workstation-02,charlie
2025-05-08 9:00,192.168.1.184,17685,209.74.71.198,443,Workstation-01,bob
2025-05-08 10:45,192.168.4.187,3866,104.244.42.1,443,Laptop-03,david
2025-05-08 9:07,192.168.1.89,4964,172.217.3.110,443,Server-02,bob
2025-05-08 9:12,192.168.5.229,2761,104.244.42.1,443,Server-02,bob
2025-05-08 10:53,192.168.3.230,37895,8.218.120.126,443,Server-01,alice
2025-05-08 10:01,192.168.1.92,49103,185.199.108.153,443,Server-01,charlie
2025-05-08 13:21,192.168.1.199,52061,209.74.71.198,443,Workstation-01,alice
2025-05-08 9:34,192.168.2.218,34766,151.101.1.69,443,Laptop-03,bob
2025-05-08 9:24,192.168.5.27,15983,104.244.42.1,443,Workstation-02,eve
2025-05-08 11:05,192.168.3.171,27635,23.32.57.169,443,Workstation-02,charlie
